name,province
MANILA,METRO MANILA
CITY OF MAKATI,METRO MANILA
CITY OF MUNTINLUPA,METRO MANILA
CITY OF PARAÑAQUE,METRO MANILA
PASAY CITY,METRO MANILA
PATEROS,METRO MANILA
TAGUIG CITY,METRO MANILA
CITY OF MARIKINA,METRO MANILA
CITY OF PASIG,METRO MANILA
QUEZON CITY,METRO MANILA
CITY OF SAN JUAN,METRO MANILA
CITY OF MALABON,METRO MANILA
CITY OF NAVOTAS,METRO MANILA
CITY OF VALENZUELA,METRO MANILA
CITY OF LAS PIÑAS,METRO MANILA
CITY OF MANDALUYONG,METRO MANILA
CALOOCAN CITY,METRO MANILA
BOLINEY,ABRA
BUCAY,ABRA
BUCLOC,ABRA
DAGUIOMAN,ABRA
DANGLAS,ABRA
DOLORES,ABRA
LA PAZ,ABRA
LACUB,ABRA
LAGANGILANG,ABRA
LAGAYAN,ABRA
LANGIDEN,ABRA
LICUAN-BAAY (LICUAN),ABRA
LUBA,ABRA
MALIBCONG,ABRA
MANABO,ABRA
PEÑARRUBIA,ABRA
PIDIGAN,ABRA
PILAR,ABRA
SALLAPADAN,ABRA
SAN ISIDRO,ABRA
SAN JUAN,ABRA
SAN QUINTIN,ABRA
TAYUM,ABRA
TINEG,ABRA
TUBO,ABRA
VILLAVICIOSA,ABRA
CONNER,APAYAO
FLORA,APAYAO
KABUGAO (Capital),APAYAO
LUNA,APAYAO
PUDTOL,APAYAO
SANTA MARCELA,APAYAO
BAGUIO CITY,BENGUET
BAKUN,BENGUET
BOKOD,BENGUET
BUGUIAS,BENGUET
ITOGON,BENGUET
KABAYAN,BENGUET
KAPANGAN,BENGUET
KIBUNGAN,BENGUET
LA TRINIDAD (Capital),BENGUET
MANKAYAN,BENGUET
SABLAN,BENGUET
TUBA,BENGUET
TUBLAY,BENGUET
HUNGDUAN,IFUGAO
KIANGAN,IFUGAO
LAGAWE (Capital),IFUGAO
LAMUT,IFUGAO
MAYOYAO,IFUGAO
ALFONSO LISTA (POTIA),IFUGAO
AGUINALDO,IFUGAO
HINGYON,IFUGAO
TINOC,IFUGAO
ASIPULO,IFUGAO
LUBUAGAN,KALINGA
PASIL,KALINGA
PINUKPUK,KALINGA
RIZAL (LIWAN),KALINGA
CITY OF TABUK (Capital),KALINGA
TANUDAN,KALINGA
TINGLAYAN,KALINGA
BAUKO,MOUNTAIN PROVINCE
BESAO,MOUNTAIN PROVINCE
BONTOC (Capital),MOUNTAIN PROVINCE
NATONIN,MOUNTAIN PROVINCE
PARACELIS,MOUNTAIN PROVINCE
SABANGAN,MOUNTAIN PROVINCE
SADANGA,MOUNTAIN PROVINCE
SAGADA,MOUNTAIN PROVINCE
TADIAN,MOUNTAIN PROVINCE
BANGUED (Capital),ABRA
CALANASAN (BAYAG),APAYAO
ATOK,BENGUET
BANAUE,IFUGAO
BALBALAN,KALINGA
BARLIG,MOUNTAIN PROVINCE
BACARRA,ILOCOS NORTE
BADOC,ILOCOS NORTE
BANGUI,ILOCOS NORTE
CITY OF BATAC,ILOCOS NORTE
BURGOS,ILOCOS NORTE
CARASI,ILOCOS NORTE
CURRIMAO,ILOCOS NORTE
DINGRAS,ILOCOS NORTE
DUMALNEG,ILOCOS NORTE
BANNA (ESPIRITU),ILOCOS NORTE
LAOAG CITY (Capital),ILOCOS NORTE
MARCOS,ILOCOS NORTE
NUEVA ERA,ILOCOS NORTE
PAGUDPUD,ILOCOS NORTE
PAOAY,ILOCOS NORTE
PASUQUIN,ILOCOS NORTE
PIDDIG,ILOCOS NORTE
PINILI,ILOCOS NORTE
SAN NICOLAS,ILOCOS NORTE
SARRAT,ILOCOS NORTE
SOLSONA,ILOCOS NORTE
VINTAR,ILOCOS NORTE
BANAYOYO,ILOCOS SUR
BANTAY,ILOCOS SUR
CABUGAO,ILOCOS SUR
CITY OF CANDON,ILOCOS SUR
CAOAYAN,ILOCOS SUR
CERVANTES,ILOCOS SUR
GALIMUYOD,ILOCOS SUR
GREGORIO DEL PILAR (CONCEPCION),ILOCOS SUR
LIDLIDDA,ILOCOS SUR
MAGSINGAL,ILOCOS SUR
NAGBUKEL,ILOCOS SUR
NARVACAN,ILOCOS SUR
QUIRINO (ANGKAKI),ILOCOS SUR
SALCEDO (BAUGEN),ILOCOS SUR
SAN EMILIO,ILOCOS SUR
SAN ESTEBAN,ILOCOS SUR
SAN ILDEFONSO,ILOCOS SUR
SAN JUAN (LAPOG),ILOCOS SUR
SAN VICENTE,ILOCOS SUR
SANTA,ILOCOS SUR
SANTA CATALINA,ILOCOS SUR
SANTA CRUZ,ILOCOS SUR
SANTA LUCIA,ILOCOS SUR
SANTA MARIA,ILOCOS SUR
SANTIAGO,ILOCOS SUR
SANTO DOMINGO,ILOCOS SUR
SIGAY,ILOCOS SUR
SINAIT,ILOCOS SUR
SUGPON,ILOCOS SUR
SUYO,ILOCOS SUR
TAGUDIN,ILOCOS SUR
CITY OF VIGAN (Capital),ILOCOS SUR
ARINGAY,LA UNION
BACNOTAN,LA UNION
BAGULIN,LA UNION
BALAOAN,LA UNION
BANGAR,LA UNION
BAUANG,LA UNION
CABA,LA UNION
NAGUILIAN,LA UNION
PUGO,LA UNION
ROSARIO,LA UNION
CITY OF SAN FERNANDO (Capital),LA UNION
SAN GABRIEL,LA UNION
SANTO TOMAS,LA UNION
SANTOL,LA UNION
SUDIPEN,LA UNION
TUBAO,LA UNION
AGUILAR,PANGASINAN
CITY OF ALAMINOS,PANGASINAN
ALCALA,PANGASINAN
ANDA,PANGASINAN
ASINGAN,PANGASINAN
BALUNGAO,PANGASINAN
BANI,PANGASINAN
BASISTA,PANGASINAN
BAUTISTA,PANGASINAN
BAYAMBANG,PANGASINAN
BINALONAN,PANGASINAN
BINMALEY,PANGASINAN
BOLINAO,PANGASINAN
BUGALLON,PANGASINAN
CALASIAO,PANGASINAN
DAGUPAN CITY,PANGASINAN
DASOL,PANGASINAN
INFANTA,PANGASINAN
LABRADOR,PANGASINAN
LINGAYEN (Capital),PANGASINAN
MABINI,PANGASINAN
MALASIQUI,PANGASINAN
MANAOAG,PANGASINAN
MANGALDAN,PANGASINAN
MANGATAREM,PANGASINAN
MAPANDAN,PANGASINAN
NATIVIDAD,PANGASINAN
POZORRUBIO,PANGASINAN
ROSALES,PANGASINAN
SAN CARLOS CITY,PANGASINAN
SAN FABIAN,PANGASINAN
SAN JACINTO,PANGASINAN
SAN MANUEL,PANGASINAN
SANTA BARBARA,PANGASINAN
SISON,PANGASINAN
SUAL,PANGASINAN
TAYUG,PANGASINAN
UMINGAN,PANGASINAN
URBIZTONDO,PANGASINAN
CITY OF URDANETA,PANGASINAN
VILLASIS,PANGASINAN
LAOAC,PANGASINAN
ADAMS,ILOCOS NORTE
ALILEM,ILOCOS SUR
AGOO,LA UNION
AGNO,PANGASINAN
ITBAYAT,BATANES
IVANA,BATANES
MAHATAO,BATANES
SABTANG,BATANES
UYUGAN,BATANES
ALLACAPAN,CAGAYAN
AMULUNG,CAGAYAN
APARRI,CAGAYAN
BAGGAO,CAGAYAN
BALLESTEROS,CAGAYAN
BUGUEY,CAGAYAN
CALAYAN,CAGAYAN
CAMALANIUGAN,CAGAYAN
CLAVERIA,CAGAYAN
ENRILE,CAGAYAN
GATTARAN,CAGAYAN
GONZAGA,CAGAYAN
IGUIG,CAGAYAN
LAL-LO,CAGAYAN
LASAM,CAGAYAN
PAMPLONA,CAGAYAN
PEÑABLANCA,CAGAYAN
PIAT,CAGAYAN
RIZAL,CAGAYAN
SANCHEZ-MIRA,CAGAYAN
SANTA ANA,CAGAYAN
SANTA PRAXEDES,CAGAYAN
SANTA TERESITA,CAGAYAN
SANTO NIÑO (FAIRE),CAGAYAN
SOLANA,CAGAYAN
TUAO,CAGAYAN
TUGUEGARAO CITY (Capital),CAGAYAN
ANGADANAN,ISABELA
AURORA,ISABELA
BENITO SOLIVEN,ISABELA
CABAGAN,ISABELA
CABATUAN,ISABELA
CITY OF CAUAYAN,ISABELA
CORDON,ISABELA
DINAPIGUE,ISABELA
DIVILACAN,ISABELA
ECHAGUE,ISABELA
GAMU,ISABELA
ILAGAN (Capital),ISABELA
JONES,ISABELA
MACONACON,ISABELA
DELFIN ALBANO (MAGSAYSAY),ISABELA
MALLIG,ISABELA
PALANAN,ISABELA
QUEZON,ISABELA
QUIRINO,ISABELA
RAMON,ISABELA
REINA MERCEDES,ISABELA
ROXAS,ISABELA
SAN AGUSTIN,ISABELA
SAN GUILLERMO,ISABELA
SAN MARIANO,ISABELA
SAN MATEO,ISABELA
SAN PABLO,ISABELA
CITY OF SANTIAGO,ISABELA
TUMAUINI,ISABELA
ARITAO,NUEVA VIZCAYA
BAGABAG,NUEVA VIZCAYA
BAMBANG,NUEVA VIZCAYA
BAYOMBONG (Capital),NUEVA VIZCAYA
DIADI,NUEVA VIZCAYA
DUPAX DEL NORTE,NUEVA VIZCAYA
DUPAX DEL SUR,NUEVA VIZCAYA
KASIBU,NUEVA VIZCAYA
KAYAPA,NUEVA VIZCAYA
SANTA FE,NUEVA VIZCAYA
SOLANO,NUEVA VIZCAYA
VILLAVERDE,NUEVA VIZCAYA
ALFONSO CASTANEDA,NUEVA VIZCAYA
CABARROGUIS (Capital),QUIRINO
DIFFUN,QUIRINO
MADDELA,QUIRINO
SAGUDAY,QUIRINO
NAGTIPUNAN,QUIRINO
BASCO (Capital),BATANES
ABULUG,CAGAYAN
ALICIA,ISABELA
AMBAGUIO,NUEVA VIZCAYA
AGLIPAY,QUIRINO
CASIGURAN,AURORA
DILASAG,AURORA
DINALUNGAN,AURORA
DINGALAN,AURORA
DIPACULAO,AURORA
MARIA AURORA,AURORA
SAN LUIS,AURORA
BAGAC,BATAAN
CITY OF BALANGA (Capital),BATAAN
DINALUPIHAN,BATAAN
HERMOSA,BATAAN
LIMAY,BATAAN
MARIVELES,BATAAN
MORONG,BATAAN
ORANI,BATAAN
ORION,BATAAN
SAMAL,BATAAN
BALAGTAS (BIGAA),BULACAN
BALIUAG,BULACAN
BOCAUE,BULACAN
BULACAN,BULACAN
BUSTOS,BULACAN
CALUMPIT,BULACAN
GUIGUINTO,BULACAN
HAGONOY,BULACAN
CITY OF MALOLOS (Capital),BULACAN
MARILAO,BULACAN
CITY OF MEYCAUAYAN,BULACAN
NORZAGARAY,BULACAN
OBANDO,BULACAN
PANDI,BULACAN
PAOMBONG,BULACAN
PLARIDEL,BULACAN
PULILAN,BULACAN
CITY OF SAN JOSE DEL MONTE,BULACAN
SAN MIGUEL,BULACAN
SAN RAFAEL,BULACAN
DOÑA REMEDIOS TRINIDAD,BULACAN
BONGABON,NUEVA ECIJA
CABANATUAN CITY,NUEVA ECIJA
CABIAO,NUEVA ECIJA
CARRANGLAN,NUEVA ECIJA
CUYAPO,NUEVA ECIJA
GABALDON (BITULOK & SABANI),NUEVA ECIJA
CITY OF GAPAN,NUEVA ECIJA
GENERAL MAMERTO NATIVIDAD,NUEVA ECIJA
GENERAL TINIO (PAPAYA),NUEVA ECIJA
GUIMBA,NUEVA ECIJA
JAEN,NUEVA ECIJA
LAUR,NUEVA ECIJA
LICAB,NUEVA ECIJA
LLANERA,NUEVA ECIJA
LUPAO,NUEVA ECIJA
SCIENCE CITY OF MUÑOZ,NUEVA ECIJA
NAMPICUAN,NUEVA ECIJA
PALAYAN CITY (Capital),NUEVA ECIJA
PANTABANGAN,NUEVA ECIJA
PEÑARANDA,NUEVA ECIJA
SAN ANTONIO,NUEVA ECIJA
SAN JOSE CITY,NUEVA ECIJA
SAN LEONARDO,NUEVA ECIJA
SANTA ROSA,NUEVA ECIJA
TALAVERA,NUEVA ECIJA
TALUGTUG,NUEVA ECIJA
ZARAGOZA,NUEVA ECIJA
APALIT,PAMPANGA
ARAYAT,PAMPANGA
BACOLOR,PAMPANGA
CANDABA,PAMPANGA
FLORIDABLANCA,PAMPANGA
GUAGUA,PAMPANGA
LUBAO,PAMPANGA
MABALACAT,PAMPANGA
MACABEBE,PAMPANGA
MAGALANG,PAMPANGA
MASANTOL,PAMPANGA
MEXICO,PAMPANGA
MINALIN,PAMPANGA
PORAC,PAMPANGA
SAN SIMON,PAMPANGA
SANTA RITA,PAMPANGA
SASMUAN (Sexmoan),PAMPANGA
BAMBAN,TARLAC
CAMILING,TARLAC
CAPAS,TARLAC
CONCEPCION,TARLAC
GERONA,TARLAC
MAYANTOC,TARLAC
MONCADA,TARLAC
PANIQUI,TARLAC
PURA,TARLAC
RAMOS,TARLAC
SAN CLEMENTE,TARLAC
SANTA IGNACIA,TARLAC
CITY OF TARLAC (Capital),TARLAC
VICTORIA,TARLAC
SAN JOSE,TARLAC
CABANGAN,ZAMBALES
CANDELARIA,ZAMBALES
CASTILLEJOS,ZAMBALES
IBA (Capital),ZAMBALES
MASINLOC,ZAMBALES
OLONGAPO CITY,ZAMBALES
PALAUIG,ZAMBALES
SAN FELIPE,ZAMBALES
SAN MARCELINO,ZAMBALES
SAN NARCISO,ZAMBALES
SUBIC,ZAMBALES
BALER (Capital),AURORA
ABUCAY,BATAAN
ANGAT,BULACAN
ALIAGA,NUEVA ECIJA
ANGELES CITY,PAMPANGA
ANAO,TARLAC
BOTOLAN,ZAMBALES
ALITAGTAG,BATANGAS
BALAYAN,BATANGAS
BALETE,BATANGAS
BATANGAS CITY (Capital),BATANGAS
BAUAN,BATANGAS
CALACA,BATANGAS
CALATAGAN,BATANGAS
CUENCA,BATANGAS
IBAAN,BATANGAS
LAUREL,BATANGAS
LEMERY,BATANGAS
LIAN,BATANGAS
LIPA CITY,BATANGAS
LOBO,BATANGAS
MALVAR,BATANGAS
MATAASNAKAHOY,BATANGAS
NASUGBU,BATANGAS
PADRE GARCIA,BATANGAS
SAN PASCUAL,BATANGAS
TAAL,BATANGAS
TALISAY,BATANGAS
CITY OF TANAUAN,BATANGAS
TAYSAN,BATANGAS
TINGLOY,BATANGAS
TUY,BATANGAS
AMADEO,CAVITE
BACOOR,CAVITE
CARMONA,CAVITE
CAVITE CITY,CAVITE
CITY OF DASMARIÑAS,CAVITE
GENERAL EMILIO AGUINALDO,CAVITE
GENERAL TRIAS,CAVITE
IMUS,CAVITE
INDANG,CAVITE
KAWIT,CAVITE
MAGALLANES,CAVITE
MARAGONDON,CAVITE
MENDEZ (MENDEZ-NUÑEZ),CAVITE
NAIC,CAVITE
NOVELETA,CAVITE
SILANG,CAVITE
TAGAYTAY CITY,CAVITE
TANZA,CAVITE
TERNATE,CAVITE
TRECE MARTIRES CITY (Capital),CAVITE
GEN. MARIANO ALVAREZ,CAVITE
BAY,LAGUNA
CITY OF BIÑAN,LAGUNA
CABUYAO,LAGUNA
CITY OF CALAMBA,LAGUNA
CALAUAN,LAGUNA
CAVINTI,LAGUNA
FAMY,LAGUNA
KALAYAAN,LAGUNA
LILIW,LAGUNA
LOS BAÑOS,LAGUNA
LUISIANA,LAGUNA
LUMBAN,LAGUNA
MABITAC,LAGUNA
MAGDALENA,LAGUNA
MAJAYJAY,LAGUNA
NAGCARLAN,LAGUNA
PAETE,LAGUNA
PAGSANJAN,LAGUNA
PAKIL,LAGUNA
PANGIL,LAGUNA
PILA,LAGUNA
SAN PABLO CITY,LAGUNA
SAN PEDRO,LAGUNA
SANTA CRUZ (Capital),LAGUNA
CITY OF SANTA ROSA,LAGUNA
SINILOAN,LAGUNA
ALABAT,QUEZON
ATIMONAN,QUEZON
BUENAVISTA,QUEZON
BURDEOS,QUEZON
CALAUAG,QUEZON
CATANAUAN,QUEZON
GENERAL LUNA,QUEZON
GENERAL NAKAR,QUEZON
GUINAYANGAN,QUEZON
GUMACA,QUEZON
JOMALIG,QUEZON
LOPEZ,QUEZON
LUCBAN,QUEZON
LUCENA CITY (Capital),QUEZON
MACALELON,QUEZON
MAUBAN,QUEZON
MULANAY,QUEZON
PADRE BURGOS,QUEZON
PAGBILAO,QUEZON
PANUKULAN,QUEZON
PATNANUNGAN,QUEZON
PEREZ,QUEZON
PITOGO,QUEZON
POLILLO,QUEZON
REAL,QUEZON
SAMPALOC,QUEZON
SAN ANDRES,QUEZON
SAN FRANCISCO (AURORA),QUEZON
SARIAYA,QUEZON
TAGKAWAYAN,QUEZON
CITY OF TAYABAS,QUEZON
TIAONG,QUEZON
UNISAN,QUEZON
CITY OF ANTIPOLO,RIZAL
BARAS,RIZAL
BINANGONAN,RIZAL
CAINTA,RIZAL
CARDONA,RIZAL
JALA-JALA,RIZAL
RODRIGUEZ (MONTALBAN),RIZAL
PILILLA,RIZAL
TANAY,RIZAL
TAYTAY,RIZAL
TERESA,RIZAL
AGONCILLO,BATANGAS
ALFONSO,CAVITE
ALAMINOS,LAGUNA
AGDANGAN,QUEZON
ANGONO,RIZAL
GASAN,MARINDUQUE
MOGPOG,MARINDUQUE
TORRIJOS,MARINDUQUE
CALINTAAN,OCCIDENTAL MINDORO
LOOC,OCCIDENTAL MINDORO
LUBANG,OCCIDENTAL MINDORO
MAGSAYSAY,OCCIDENTAL MINDORO
MAMBURAO (Capital),OCCIDENTAL MINDORO
PALUAN,OCCIDENTAL MINDORO
SABLAYAN,OCCIDENTAL MINDORO
BANSUD,ORIENTAL MINDORO
BONGABONG,ORIENTAL MINDORO
BULALACAO (SAN PEDRO),ORIENTAL MINDORO
CITY OF CALAPAN (Capital),ORIENTAL MINDORO
GLORIA,ORIENTAL MINDORO
MANSALAY,ORIENTAL MINDORO
NAUJAN,ORIENTAL MINDORO
PINAMALAYAN,ORIENTAL MINDORO
POLA,ORIENTAL MINDORO
PUERTO GALERA,ORIENTAL MINDORO
SAN TEODORO,ORIENTAL MINDORO
SOCORRO,ORIENTAL MINDORO
AGUTAYA,PALAWAN
ARACELI,PALAWAN
BALABAC,PALAWAN
BATARAZA,PALAWAN
BUSUANGA,PALAWAN
CAGAYANCILLO,PALAWAN
CORON,PALAWAN
CUYO,PALAWAN
DUMARAN,PALAWAN
EL NIDO (BACUIT),PALAWAN
LINAPACAN,PALAWAN
NARRA,PALAWAN
PUERTO PRINCESA CITY (Capital),PALAWAN
CULION,PALAWAN
RIZAL (MARCOS),PALAWAN
SOFRONIO ESPAÑOLA,PALAWAN
BANTON,ROMBLON
CAJIDIOCAN,ROMBLON
CALATRAVA,ROMBLON
CORCUERA,ROMBLON
MAGDIWANG,ROMBLON
ODIONGAN,ROMBLON
ROMBLON (Capital),ROMBLON
SAN FERNANDO,ROMBLON
FERROL,ROMBLON
SANTA MARIA (IMELDA),ROMBLON
BOAC (Capital),MARINDUQUE
ABRA DE ILOG,OCCIDENTAL MINDORO
BACO,ORIENTAL MINDORO
ABORLAN,PALAWAN
ALCANTARA,ROMBLON
CAMALIG,ALBAY
DARAGA (LOCSIN),ALBAY
GUINOBATAN,ALBAY
JOVELLAR,ALBAY
LEGAZPI CITY (Capital),ALBAY
LIBON,ALBAY
CITY OF LIGAO,ALBAY
MALILIPOT,ALBAY
MALINAO,ALBAY
MANITO,ALBAY
OAS,ALBAY
PIO DURAN,ALBAY
POLANGUI,ALBAY
RAPU-RAPU,ALBAY
SANTO DOMINGO (LIBOG),ALBAY
CITY OF TABACO,ALBAY
TIWI,ALBAY
CAPALONGA,CAMARINES NORTE
DAET (Capital),CAMARINES NORTE
SAN LORENZO RUIZ (IMELDA),CAMARINES NORTE
JOSE PANGANIBAN,CAMARINES NORTE
LABO,CAMARINES NORTE
MERCEDES,CAMARINES NORTE
PARACALE,CAMARINES NORTE
SANTA ELENA,CAMARINES NORTE
VINZONS,CAMARINES NORTE
BALATAN,CAMARINES SUR
BATO,CAMARINES SUR
BOMBON,CAMARINES SUR
BUHI,CAMARINES SUR
BULA,CAMARINES SUR
CABUSAO,CAMARINES SUR
CALABANGA,CAMARINES SUR
CAMALIGAN,CAMARINES SUR
CANAMAN,CAMARINES SUR
CARAMOAN,CAMARINES SUR
DEL GALLEGO,CAMARINES SUR
GAINZA,CAMARINES SUR
GARCHITORENA,CAMARINES SUR
GOA,CAMARINES SUR
IRIGA CITY,CAMARINES SUR
LAGONOY,CAMARINES SUR
LIBMANAN,CAMARINES SUR
LUPI,CAMARINES SUR
MAGARAO,CAMARINES SUR
MILAOR,CAMARINES SUR
MINALABAC,CAMARINES SUR
NABUA,CAMARINES SUR
NAGA CITY,CAMARINES SUR
OCAMPO,CAMARINES SUR
PASACAO,CAMARINES SUR
PILI (Capital),CAMARINES SUR
PRESENTACION (PARUBCAN),CAMARINES SUR
RAGAY,CAMARINES SUR
SAGÑAY,CAMARINES SUR
SIPOCOT,CAMARINES SUR
SIRUMA,CAMARINES SUR
TIGAON,CAMARINES SUR
TINAMBAC,CAMARINES SUR
CARAMORAN,CATANDUANES
GIGMOTO,CATANDUANES
PANDAN,CATANDUANES
PANGANIBAN (PAYO),CATANDUANES
SAN ANDRES (CALOLBON),CATANDUANES
VIGA,CATANDUANES
VIRAC (Capital),CATANDUANES
BALENO,MASBATE
BALUD,MASBATE
BATUAN,MASBATE
CATAINGAN,MASBATE
CAWAYAN,MASBATE
DIMASALANG,MASBATE
ESPERANZA,MASBATE
MANDAON,MASBATE
CITY OF MASBATE (Capital),MASBATE
MILAGROS,MASBATE
MOBO,MASBATE
MONREAL,MASBATE
PALANAS,MASBATE
PIO V. CORPUZ (LIMBUHAN),MASBATE
PLACER,MASBATE
USON,MASBATE
BULAN,SORSOGON
BULUSAN,SORSOGON
CASTILLA,SORSOGON
DONSOL,SORSOGON
GUBAT,SORSOGON
IROSIN,SORSOGON
JUBAN,SORSOGON
MATNOG,SORSOGON
PRIETO DIAZ,SORSOGON
SANTA MAGDALENA,SORSOGON
CITY OF SORSOGON (Capital),SORSOGON
BACACAY,ALBAY
BASUD,CAMARINES NORTE
BAAO,CAMARINES SUR
BAGAMANOC,CATANDUANES
AROROY,MASBATE
BARCELONA,SORSOGON
BANGA,AKLAN
BATAN,AKLAN
BURUANGA,AKLAN
IBAJAY,AKLAN
KALIBO (Capital),AKLAN
LEZO,AKLAN
LIBACAO,AKLAN
MADALAG,AKLAN
MAKATO,AKLAN
MALAY,AKLAN
NABAS,AKLAN
NEW WASHINGTON,AKLAN
NUMANCIA,AKLAN
TANGALAN,AKLAN
BARBAZA,ANTIQUE
BELISON,ANTIQUE
BUGASONG,ANTIQUE
CALUYA,ANTIQUE
CULASI,ANTIQUE
TOBIAS FORNIER (DAO),ANTIQUE
HAMTIC,ANTIQUE
LAUA-AN,ANTIQUE
LIBERTAD,ANTIQUE
PATNONGON,ANTIQUE
SAN JOSE (Capital),ANTIQUE
SAN REMIGIO,ANTIQUE
SEBASTE,ANTIQUE
SIBALOM,ANTIQUE
TIBIAO,ANTIQUE
VALDERRAMA,ANTIQUE
DAO,CAPIZ
DUMALAG,CAPIZ
DUMARAO,CAPIZ
IVISAN,CAPIZ
JAMINDAN,CAPIZ
MA-AYON,CAPIZ
MAMBUSAO,CAPIZ
PANAY,CAPIZ
PANITAN,CAPIZ
PONTEVEDRA,CAPIZ
PRESIDENT ROXAS,CAPIZ
ROXAS CITY (Capital),CAPIZ
SAPI-AN,CAPIZ
SIGMA,CAPIZ
TAPAZ,CAPIZ
JORDAN (Capital),GUIMARAS
NUEVA VALENCIA,GUIMARAS
SAN LORENZO,GUIMARAS
SIBUNAG,GUIMARAS
ALIMODIAN,ILOILO
ANILAO,ILOILO
BADIANGAN,ILOILO
BALASAN,ILOILO
BANATE,ILOILO
BAROTAC NUEVO,ILOILO
BAROTAC VIEJO,ILOILO
BATAD,ILOILO
BINGAWAN,ILOILO
CALINOG,ILOILO
CARLES,ILOILO
DINGLE,ILOILO
DUEÑAS,ILOILO
DUMANGAS,ILOILO
ESTANCIA,ILOILO
GUIMBAL,ILOILO
IGBARAS,ILOILO
ILOILO CITY (Capital),ILOILO
JANIUAY,ILOILO
LAMBUNAO,ILOILO
LEGANES,ILOILO
LEON,ILOILO
MAASIN,ILOILO
MIAGAO,ILOILO
MINA,ILOILO
NEW LUCENA,ILOILO
OTON,ILOILO
CITY OF PASSI,ILOILO
PAVIA,ILOILO
POTOTAN,ILOILO
SAN DIONISIO,ILOILO
SAN ENRIQUE,ILOILO
SAN JOAQUIN,ILOILO
SARA,ILOILO
TIGBAUAN,ILOILO
TUBUNGAN,ILOILO
ZARRAGA,ILOILO
BAGO CITY,NEGROS OCCIDENTAL
BINALBAGAN,NEGROS OCCIDENTAL
CADIZ CITY,NEGROS OCCIDENTAL
CANDONI,NEGROS OCCIDENTAL
CAUAYAN,NEGROS OCCIDENTAL
ENRIQUE B. MAGALONA (SARAVIA),NEGROS OCCIDENTAL
CITY OF ESCALANTE,NEGROS OCCIDENTAL
CITY OF HIMAMAYLAN,NEGROS OCCIDENTAL
HINIGARAN,NEGROS OCCIDENTAL
HINOBA-AN (ASIA),NEGROS OCCIDENTAL
ILOG,NEGROS OCCIDENTAL
ISABELA,NEGROS OCCIDENTAL
CITY OF KABANKALAN,NEGROS OCCIDENTAL
LA CARLOTA CITY,NEGROS OCCIDENTAL
LA CASTELLANA,NEGROS OCCIDENTAL
MANAPLA,NEGROS OCCIDENTAL
MOISES PADILLA (MAGALLON),NEGROS OCCIDENTAL
MURCIA,NEGROS OCCIDENTAL
PULUPANDAN,NEGROS OCCIDENTAL
SAGAY CITY,NEGROS OCCIDENTAL
SILAY CITY,NEGROS OCCIDENTAL
CITY OF SIPALAY,NEGROS OCCIDENTAL
CITY OF TALISAY,NEGROS OCCIDENTAL
TOBOSO,NEGROS OCCIDENTAL
VALLADOLID,NEGROS OCCIDENTAL
CITY OF VICTORIAS,NEGROS OCCIDENTAL
SALVADOR BENEDICTO,NEGROS OCCIDENTAL
ALTAVAS,AKLAN
ANINI-Y,ANTIQUE
CUARTERO,CAPIZ
AJUY,ILOILO
BACOLOD CITY (Capital),NEGROS OCCIDENTAL
ANTEQUERA,BOHOL
BACLAYON,BOHOL
BALILIHAN,BOHOL
BILAR,BOHOL
CALAPE,BOHOL
CANDIJAY,BOHOL
CARMEN,BOHOL
CATIGBIAN,BOHOL
CLARIN,BOHOL
CORELLA,BOHOL
CORTES,BOHOL
DAGOHOY,BOHOL
DANAO,BOHOL
DAUIS,BOHOL
DIMIAO,BOHOL
DUERO,BOHOL
GARCIA HERNANDEZ,BOHOL
GUINDULMAN,BOHOL
INABANGA,BOHOL
JAGNA,BOHOL
GETAFE,BOHOL
LILA,BOHOL
LOAY,BOHOL
LOBOC,BOHOL
LOON,BOHOL
MARIBOJOC,BOHOL
PANGLAO,BOHOL
PRES. CARLOS P. GARCIA (PITOGO),BOHOL
SAGBAYAN (BORJA),BOHOL
SEVILLA,BOHOL
SIERRA BULLONES,BOHOL
SIKATUNA,BOHOL
TAGBILARAN CITY (Capital),BOHOL
TALIBON,BOHOL
TRINIDAD,BOHOL
TUBIGON,BOHOL
UBAY,BOHOL
VALENCIA,BOHOL
BIEN UNIDO,BOHOL
ALCOY,CEBU
ALEGRIA,CEBU
ALOGUINSAN,CEBU
ARGAO,CEBU
ASTURIAS,CEBU
BADIAN,CEBU
BALAMBAN,CEBU
BANTAYAN,CEBU
BARILI,CEBU
CITY OF BOGO,CEBU
BOLJOON,CEBU
BORBON,CEBU
CITY OF CARCAR,CEBU
CATMON,CEBU
CEBU CITY (Capital),CEBU
COMPOSTELA,CEBU
CONSOLACION,CEBU
CORDOBA,CEBU
DAANBANTAYAN,CEBU
DALAGUETE,CEBU
DANAO CITY,CEBU
DUMANJUG,CEBU
GINATILAN,CEBU
LAPU-LAPU CITY (OPON),CEBU
LILOAN,CEBU
MADRIDEJOS,CEBU
MALABUYOC,CEBU
MANDAUE CITY,CEBU
MEDELLIN,CEBU
MINGLANILLA,CEBU
MOALBOAL,CEBU
CITY OF NAGA,CEBU
OSLOB,CEBU
PINAMUNGAHAN,CEBU
PORO,CEBU
RONDA,CEBU
SAMBOAN,CEBU
SAN FRANCISCO,CEBU
SANTANDER,CEBU
SIBONGA,CEBU
SOGOD,CEBU
TABOGON,CEBU
TABUELAN,CEBU
TOLEDO CITY,CEBU
TUBURAN,CEBU
TUDELA,CEBU
AYUNGON,NEGROS ORIENTAL
BACONG,NEGROS ORIENTAL
BAIS CITY,NEGROS ORIENTAL
BASAY,NEGROS ORIENTAL
CITY OF BAYAWAN (TULONG),NEGROS ORIENTAL
BINDOY (PAYABON),NEGROS ORIENTAL
CANLAON CITY,NEGROS ORIENTAL
DAUIN,NEGROS ORIENTAL
DUMAGUETE CITY (Capital),NEGROS ORIENTAL
CITY OF GUIHULNGAN,NEGROS ORIENTAL
JIMALALUD,NEGROS ORIENTAL
LA LIBERTAD,NEGROS ORIENTAL
MABINAY,NEGROS ORIENTAL
MANJUYOD,NEGROS ORIENTAL
SIATON,NEGROS ORIENTAL
SIBULAN,NEGROS ORIENTAL
CITY OF TANJAY,NEGROS ORIENTAL
TAYASAN,NEGROS ORIENTAL
VALENCIA (LUZURRIAGA),NEGROS ORIENTAL
VALLEHERMOSO,NEGROS ORIENTAL
ZAMBOANGUITA,NEGROS ORIENTAL
LARENA,SIQUIJOR
LAZI,SIQUIJOR
MARIA,SIQUIJOR
SIQUIJOR (Capital),SIQUIJOR
ALBURQUERQUE,BOHOL
AMLAN (AYUQUITAN),NEGROS ORIENTAL
ENRIQUE VILLANUEVA,SIQUIJOR
BILIRAN,BILIRAN
CABUCGAYAN,BILIRAN
CAIBIRAN,BILIRAN
CULABA,BILIRAN
KAWAYAN,BILIRAN
MARIPIPI,BILIRAN
NAVAL (Capital),BILIRAN
BALANGIGA,EASTERN SAMAR
BALANGKAYAN,EASTERN SAMAR
CITY OF BORONGAN (Capital),EASTERN SAMAR
CAN-AVID,EASTERN SAMAR
GENERAL MACARTHUR,EASTERN SAMAR
GIPORLOS,EASTERN SAMAR
GUIUAN,EASTERN SAMAR
HERNANI,EASTERN SAMAR
JIPAPAD,EASTERN SAMAR
LAWAAN,EASTERN SAMAR
LLORENTE,EASTERN SAMAR
MASLOG,EASTERN SAMAR
MAYDOLONG,EASTERN SAMAR
ORAS,EASTERN SAMAR
QUINAPONDAN,EASTERN SAMAR
SALCEDO,EASTERN SAMAR
SAN JULIAN,EASTERN SAMAR
SAN POLICARPO,EASTERN SAMAR
SULAT,EASTERN SAMAR
TAFT,EASTERN SAMAR
ALANGALANG,LEYTE
ALBUERA,LEYTE
BABATNGON,LEYTE
BARUGO,LEYTE
CITY OF BAYBAY,LEYTE
BURAUEN,LEYTE
CALUBIAN,LEYTE
CAPOOCAN,LEYTE
CARIGARA,LEYTE
DAGAMI,LEYTE
DULAG,LEYTE
HILONGOS,LEYTE
HINDANG,LEYTE
INOPACAN,LEYTE
ISABEL,LEYTE
JARO,LEYTE
JAVIER (BUGHO),LEYTE
JULITA,LEYTE
KANANGA,LEYTE
LEYTE,LEYTE
MACARTHUR,LEYTE
MAHAPLAG,LEYTE
MATAG-OB,LEYTE
MATALOM,LEYTE
MAYORGA,LEYTE
MERIDA,LEYTE
ORMOC CITY,LEYTE
PALO,LEYTE
PALOMPON,LEYTE
PASTRANA,LEYTE
TABANGO,LEYTE
TABONTABON,LEYTE
TACLOBAN CITY (Capital),LEYTE
TANAUAN,LEYTE
TOLOSA,LEYTE
TUNGA,LEYTE
VILLABA,LEYTE
BIRI,NORTHERN SAMAR
BOBON,NORTHERN SAMAR
CAPUL,NORTHERN SAMAR
CATARMAN (Capital),NORTHERN SAMAR
CATUBIG,NORTHERN SAMAR
GAMAY,NORTHERN SAMAR
LAOANG,NORTHERN SAMAR
LAPINIG,NORTHERN SAMAR
LAS NAVAS,NORTHERN SAMAR
LAVEZARES,NORTHERN SAMAR
MAPANAS,NORTHERN SAMAR
MONDRAGON,NORTHERN SAMAR
PALAPAG,NORTHERN SAMAR
PAMBUJAN,NORTHERN SAMAR
SAN ROQUE,NORTHERN SAMAR
SILVINO LOBOS,NORTHERN SAMAR
LOPE DE VEGA,NORTHERN SAMAR
BASEY,SAMAR (WESTERN SAMAR)
CALBAYOG CITY,SAMAR (WESTERN SAMAR)
CALBIGA,SAMAR (WESTERN SAMAR)
CITY OF CATBALOGAN (Capital),SAMAR (WESTERN SAMAR)
DARAM,SAMAR (WESTERN SAMAR)
GANDARA,SAMAR (WESTERN SAMAR)
HINABANGAN,SAMAR (WESTERN SAMAR)
JIABONG,SAMAR (WESTERN SAMAR)
MARABUT,SAMAR (WESTERN SAMAR)
MATUGUINAO,SAMAR (WESTERN SAMAR)
MOTIONG,SAMAR (WESTERN SAMAR)
PINABACDAO,SAMAR (WESTERN SAMAR)
SAN JOSE DE BUAN,SAMAR (WESTERN SAMAR)
SAN SEBASTIAN,SAMAR (WESTERN SAMAR)
SANTA MARGARITA,SAMAR (WESTERN SAMAR)
SANTO NIÑO,SAMAR (WESTERN SAMAR)
TALALORA,SAMAR (WESTERN SAMAR)
TARANGNAN,SAMAR (WESTERN SAMAR)
VILLAREAL,SAMAR (WESTERN SAMAR)
PARANAS (WRIGHT),SAMAR (WESTERN SAMAR)
ZUMARRAGA,SAMAR (WESTERN SAMAR)
TAGAPUL-AN,SAMAR (WESTERN SAMAR)
SAN JORGE,SAMAR (WESTERN SAMAR)
PAGSANGHAN,SAMAR (WESTERN SAMAR)
BONTOC,SOUTHERN LEYTE
HINUNANGAN,SOUTHERN LEYTE
HINUNDAYAN,SOUTHERN LEYTE
LIBAGON,SOUTHERN LEYTE
CITY OF MAASIN (Capital),SOUTHERN LEYTE
MACROHON,SOUTHERN LEYTE
MALITBOG,SOUTHERN LEYTE
PINTUYAN,SOUTHERN LEYTE
SAINT BERNARD,SOUTHERN LEYTE
SAN JUAN (CABALIAN),SOUTHERN LEYTE
SAN RICARDO,SOUTHERN LEYTE
SILAGO,SOUTHERN LEYTE
TOMAS OPPUS,SOUTHERN LEYTE
LIMASAWA,SOUTHERN LEYTE
ALMERIA,BILIRAN
ARTECHE,EASTERN SAMAR
ABUYOG,LEYTE
ALLEN,NORTHERN SAMAR
ALMAGRO,SAMAR (WESTERN SAMAR)
ANAHAWAN,SOUTHERN LEYTE
DIPOLOG CITY (Capital),ZAMBOANGA DEL NORTE
KATIPUNAN,ZAMBOANGA DEL NORTE
LABASON,ZAMBOANGA DEL NORTE
LILOY,ZAMBOANGA DEL NORTE
MANUKAN,ZAMBOANGA DEL NORTE
MUTIA,ZAMBOANGA DEL NORTE
PIÑAN (NEW PIÑAN),ZAMBOANGA DEL NORTE
POLANCO,ZAMBOANGA DEL NORTE
PRES. MANUEL A. ROXAS,ZAMBOANGA DEL NORTE
SALUG,ZAMBOANGA DEL NORTE
SERGIO OSMEÑA SR.,ZAMBOANGA DEL NORTE
SIAYAN,ZAMBOANGA DEL NORTE
SIBUCO,ZAMBOANGA DEL NORTE
SIBUTAD,ZAMBOANGA DEL NORTE
SINDANGAN,ZAMBOANGA DEL NORTE
SIOCON,ZAMBOANGA DEL NORTE
SIRAWAI,ZAMBOANGA DEL NORTE
TAMPILISAN,ZAMBOANGA DEL NORTE
JOSE DALMAN (PONOT),ZAMBOANGA DEL NORTE
GUTALAC,ZAMBOANGA DEL NORTE
BALIGUIAN,ZAMBOANGA DEL NORTE
GODOD,ZAMBOANGA DEL NORTE
BACUNGAN (Leon T. Postigo),ZAMBOANGA DEL NORTE
KALAWIT,ZAMBOANGA DEL NORTE
BAYOG,ZAMBOANGA DEL SUR
DIMATALING,ZAMBOANGA DEL SUR
DINAS,ZAMBOANGA DEL SUR
DUMALINAO,ZAMBOANGA DEL SUR
DUMINGAG,ZAMBOANGA DEL SUR
KUMALARANG,ZAMBOANGA DEL SUR
LABANGAN,ZAMBOANGA DEL SUR
LAPUYAN,ZAMBOANGA DEL SUR
MAHAYAG,ZAMBOANGA DEL SUR
MARGOSATUBIG,ZAMBOANGA DEL SUR
MIDSALIP,ZAMBOANGA DEL SUR
MOLAVE,ZAMBOANGA DEL SUR
PAGADIAN CITY (Capital),ZAMBOANGA DEL SUR
RAMON MAGSAYSAY (LIARGO),ZAMBOANGA DEL SUR
TABINA,ZAMBOANGA DEL SUR
TAMBULIG,ZAMBOANGA DEL SUR
TUKURAN,ZAMBOANGA DEL SUR
ZAMBOANGA CITY,ZAMBOANGA DEL SUR
LAKEWOOD,ZAMBOANGA DEL SUR
JOSEFINA,ZAMBOANGA DEL SUR
SOMINOT (DON MARIANO MARCOS),ZAMBOANGA DEL SUR
VINCENZO A. SAGUN,ZAMBOANGA DEL SUR
GUIPOS,ZAMBOANGA DEL SUR
TIGBAO,ZAMBOANGA DEL SUR
BUUG,ZAMBOANGA SIBUGAY
DIPLAHAN,ZAMBOANGA SIBUGAY
IMELDA,ZAMBOANGA SIBUGAY
IPIL (Capital),ZAMBOANGA SIBUGAY
KABASALAN,ZAMBOANGA SIBUGAY
MABUHAY,ZAMBOANGA SIBUGAY
MALANGAS,ZAMBOANGA SIBUGAY
NAGA,ZAMBOANGA SIBUGAY
OLUTANGA,ZAMBOANGA SIBUGAY
PAYAO,ZAMBOANGA SIBUGAY
ROSELLER LIM,ZAMBOANGA SIBUGAY
SIAY,ZAMBOANGA SIBUGAY
TALUSAN,ZAMBOANGA SIBUGAY
TITAY,ZAMBOANGA SIBUGAY
TUNGAWAN,ZAMBOANGA SIBUGAY
CITY OF ISABELA (Capital),CITY OF ISABELA (Not a Province)
DAPITAN CITY,ZAMBOANGA DEL NORTE
DAMULOG,BUKIDNON
DANGCAGAN,BUKIDNON
DON CARLOS,BUKIDNON
IMPASUG-ONG,BUKIDNON
KADINGILAN,BUKIDNON
KALILANGAN,BUKIDNON
KIBAWE,BUKIDNON
KITAOTAO,BUKIDNON
LANTAPAN,BUKIDNON
LIBONA,BUKIDNON
CITY OF MALAYBALAY (Capital),BUKIDNON
MANOLO FORTICH,BUKIDNON
MARAMAG,BUKIDNON
PANGANTUCAN,BUKIDNON
SUMILAO,BUKIDNON
TALAKAG,BUKIDNON
CITY OF VALENCIA,BUKIDNON
CABANGLASAN,BUKIDNON
GUINSILIBAN,CAMIGUIN
MAHINOG,CAMIGUIN
MAMBAJAO (Capital),CAMIGUIN
SAGAY,CAMIGUIN
BALOI,LANAO DEL NORTE
BAROY,LANAO DEL NORTE
ILIGAN CITY,LANAO DEL NORTE
KAPATAGAN,LANAO DEL NORTE
SULTAN NAGA DIMAPORO (KAROMATAN),LANAO DEL NORTE
KAUSWAGAN,LANAO DEL NORTE
KOLAMBUGAN,LANAO DEL NORTE
LALA,LANAO DEL NORTE
LINAMON,LANAO DEL NORTE
MAIGO,LANAO DEL NORTE
MATUNGAO,LANAO DEL NORTE
MUNAI,LANAO DEL NORTE
NUNUNGAN,LANAO DEL NORTE
PANTAO RAGAT,LANAO DEL NORTE
POONA PIAGAPO,LANAO DEL NORTE
SALVADOR,LANAO DEL NORTE
SAPAD,LANAO DEL NORTE
TAGOLOAN,LANAO DEL NORTE
TANGCAL,LANAO DEL NORTE
TUBOD (Capital),LANAO DEL NORTE
PANTAR,LANAO DEL NORTE
BALIANGAO,MISAMIS OCCIDENTAL
BONIFACIO,MISAMIS OCCIDENTAL
CALAMBA,MISAMIS OCCIDENTAL
JIMENEZ,MISAMIS OCCIDENTAL
LOPEZ JAENA,MISAMIS OCCIDENTAL
OROQUIETA CITY (Capital),MISAMIS OCCIDENTAL
OZAMIS CITY,MISAMIS OCCIDENTAL
PANAON,MISAMIS OCCIDENTAL
SAPANG DALAGA,MISAMIS OCCIDENTAL
SINACABAN,MISAMIS OCCIDENTAL
TANGUB CITY,MISAMIS OCCIDENTAL
DON VICTORIANO CHIONGBIAN  (DON MARIANO MARCOS),MISAMIS OCCIDENTAL
BALINGASAG,MISAMIS ORIENTAL
BALINGOAN,MISAMIS ORIENTAL
BINUANGAN,MISAMIS ORIENTAL
CAGAYAN DE ORO CITY (Capital),MISAMIS ORIENTAL
CITY OF EL SALVADOR,MISAMIS ORIENTAL
GINGOOG CITY,MISAMIS ORIENTAL
GITAGUM,MISAMIS ORIENTAL
INITAO,MISAMIS ORIENTAL
JASAAN,MISAMIS ORIENTAL
KINOGUITAN,MISAMIS ORIENTAL
LAGONGLONG,MISAMIS ORIENTAL
LAGUINDINGAN,MISAMIS ORIENTAL
LUGAIT,MISAMIS ORIENTAL
MAGSAYSAY (LINUGOS),MISAMIS ORIENTAL
MANTICAO,MISAMIS ORIENTAL
MEDINA,MISAMIS ORIENTAL
NAAWAN,MISAMIS ORIENTAL
OPOL,MISAMIS ORIENTAL
SALAY,MISAMIS ORIENTAL
SUGBONGCOGON,MISAMIS ORIENTAL
TALISAYAN,MISAMIS ORIENTAL
VILLANUEVA,MISAMIS ORIENTAL
BAUNGON,BUKIDNON
CATARMAN,CAMIGUIN
BACOLOD,LANAO DEL NORTE
ALORAN,MISAMIS OCCIDENTAL
ALUBIJID,MISAMIS ORIENTAL
LAAK (SAN VICENTE),COMPOSTELA VALLEY
MABINI (DOÑA ALICIA),COMPOSTELA VALLEY
MACO,COMPOSTELA VALLEY
MARAGUSAN (SAN MARIANO),COMPOSTELA VALLEY
MAWAB,COMPOSTELA VALLEY
MONKAYO,COMPOSTELA VALLEY
MONTEVISTA,COMPOSTELA VALLEY
NABUNTURAN (Capital),COMPOSTELA VALLEY
NEW BATAAN,COMPOSTELA VALLEY
PANTUKAN,COMPOSTELA VALLEY
KAPALONG,DAVAO DEL NORTE
NEW CORELLA,DAVAO DEL NORTE
CITY OF PANABO,DAVAO DEL NORTE
ISLAND GARDEN CITY OF SAMAL,DAVAO DEL NORTE
CITY OF TAGUM (Capital),DAVAO DEL NORTE
TALAINGOD,DAVAO DEL NORTE
BRAULIO E. DUJALI,DAVAO DEL NORTE
DAVAO CITY,DAVAO DEL SUR
CITY OF DIGOS (Capital),DAVAO DEL SUR
JOSE ABAD SANTOS (TRINIDAD),DAVAO DEL SUR
KIBLAWAN,DAVAO DEL SUR
MALALAG,DAVAO DEL SUR
MALITA,DAVAO DEL SUR
MATANAO,DAVAO DEL SUR
PADADA,DAVAO DEL SUR
SULOP,DAVAO DEL SUR
SARANGANI,DAVAO DEL SUR
DON MARCELINO,DAVAO DEL SUR
BANAYBANAY,DAVAO ORIENTAL
BOSTON,DAVAO ORIENTAL
CARAGA,DAVAO ORIENTAL
CATEEL,DAVAO ORIENTAL
GOVERNOR GENEROSO,DAVAO ORIENTAL
LUPON,DAVAO ORIENTAL
MANAY,DAVAO ORIENTAL
CITY OF MATI (Capital),DAVAO ORIENTAL
TARRAGONA,DAVAO ORIENTAL
ASUNCION (SAUG),DAVAO DEL NORTE
BANSALAN,DAVAO DEL SUR
BAGANGA,DAVAO ORIENTAL
KABACAN,COTABATO (NORTH COTABATO)
CITY OF KIDAPAWAN (Capital),COTABATO (NORTH COTABATO)
LIBUNGAN,COTABATO (NORTH COTABATO)
MAGPET,COTABATO (NORTH COTABATO)
MAKILALA,COTABATO (NORTH COTABATO)
MATALAM,COTABATO (NORTH COTABATO)
MIDSAYAP,COTABATO (NORTH COTABATO)
PIGKAWAYAN,COTABATO (NORTH COTABATO)
PIKIT,COTABATO (NORTH COTABATO)
TULUNAN,COTABATO (NORTH COTABATO)
ANTIPAS,COTABATO (NORTH COTABATO)
BANISILAN,COTABATO (NORTH COTABATO)
ALEOSAN,COTABATO (NORTH COTABATO)
ARAKAN,COTABATO (NORTH COTABATO)
GLAN,SARANGANI
KIAMBA,SARANGANI
MAASIM,SARANGANI
MAITUM,SARANGANI
MALAPATAN,SARANGANI
MALUNGON,SARANGANI
GENERAL SANTOS CITY (DADIANGAS),SOUTH COTABATO
CITY OF KORONADAL (Capital),SOUTH COTABATO
NORALA,SOUTH COTABATO
POLOMOLOK,SOUTH COTABATO
SURALLAH,SOUTH COTABATO
TAMPAKAN,SOUTH COTABATO
TANTANGAN,SOUTH COTABATO
TUPI,SOUTH COTABATO
LAKE SEBU,SOUTH COTABATO
COLUMBIO,SULTAN KUDARAT
ISULAN (Capital),SULTAN KUDARAT
KALAMANSIG,SULTAN KUDARAT
LEBAK,SULTAN KUDARAT
LUTAYAN,SULTAN KUDARAT
LAMBAYONG (MARIANO MARCOS),SULTAN KUDARAT
PALIMBANG,SULTAN KUDARAT
PRESIDENT QUIRINO,SULTAN KUDARAT
CITY OF TACURONG,SULTAN KUDARAT
SEN. NINOY AQUINO,SULTAN KUDARAT
ALAMADA,COTABATO (NORTH COTABATO)
COTABATO CITY,COTABATO CITY (Not a Province)
ALABEL (Capital),SARANGANI
BAGUMBAYAN,SULTAN KUDARAT
BUTUAN CITY (Capital),AGUSAN DEL NORTE
CITY OF CABADBARAN,AGUSAN DEL NORTE
JABONGA,AGUSAN DEL NORTE
KITCHARAO,AGUSAN DEL NORTE
LAS NIEVES,AGUSAN DEL NORTE
NASIPIT,AGUSAN DEL NORTE
TUBAY,AGUSAN DEL NORTE
REMEDIOS T. ROMUALDEZ,AGUSAN DEL NORTE
BUNAWAN,AGUSAN DEL SUR
LORETO,AGUSAN DEL SUR
PROSPERIDAD (Capital),AGUSAN DEL SUR
SANTA JOSEFA,AGUSAN DEL SUR
TALACOGON,AGUSAN DEL SUR
TRENTO,AGUSAN DEL SUR
VERUELA,AGUSAN DEL SUR
SIBAGAT,AGUSAN DEL SUR
CAGDIANAO,DINAGAT ISLANDS
DINAGAT,DINAGAT ISLANDS
LIBJO (ALBOR),DINAGAT ISLANDS
TUBAJON,DINAGAT ISLANDS
BACUAG,SURIGAO DEL NORTE
CLAVER,SURIGAO DEL NORTE
DAPA,SURIGAO DEL NORTE
DEL CARMEN,SURIGAO DEL NORTE
GIGAQUIT,SURIGAO DEL NORTE
MAINIT,SURIGAO DEL NORTE
MALIMONO,SURIGAO DEL NORTE
SAN BENITO,SURIGAO DEL NORTE
SAN FRANCISCO (ANAO-AON),SURIGAO DEL NORTE
SANTA MONICA (SAPAO),SURIGAO DEL NORTE
SURIGAO CITY (Capital),SURIGAO DEL NORTE
TAGANA-AN,SURIGAO DEL NORTE
TUBOD,SURIGAO DEL NORTE
BAYABAS,SURIGAO DEL SUR
CITY OF BISLIG,SURIGAO DEL SUR
CAGWAIT,SURIGAO DEL SUR
CANTILAN,SURIGAO DEL SUR
CARRASCAL,SURIGAO DEL SUR
HINATUAN,SURIGAO DEL SUR
LANUZA,SURIGAO DEL SUR
LIANGA,SURIGAO DEL SUR
LINGIG,SURIGAO DEL SUR
MADRID,SURIGAO DEL SUR
MARIHATAG,SURIGAO DEL SUR
TAGBINA,SURIGAO DEL SUR
TAGO,SURIGAO DEL SUR
CITY OF TANDAG (Capital),SURIGAO DEL SUR
CITY OF BAYUGAN,AGUSAN DEL SUR
BASILISA (RIZAL),DINAGAT ISLANDS
BAROBO,SURIGAO DEL SUR
LANTAWAN,BASILAN
MALUSO,BASILAN
SUMISIP,BASILAN
TIPO-TIPO,BASILAN
AKBAR,BASILAN
AL-BARKA,BASILAN
HADJI MOHAMMAD AJUL,BASILAN
UNGKAYA PUKAN,BASILAN
HADJI MUHTAMAD,BASILAN
TABUAN-LASA,BASILAN
BALABAGAN,LANAO DEL SUR
BALINDONG (WATU),LANAO DEL SUR
BAYANG,LANAO DEL SUR
BINIDAYAN,LANAO DEL SUR
BUBONG,LANAO DEL SUR
BUTIG,LANAO DEL SUR
GANASSI,LANAO DEL SUR
KAPAI,LANAO DEL SUR
LUMBA-BAYABAO (MAGUING),LANAO DEL SUR
LUMBATAN,LANAO DEL SUR
MADALUM,LANAO DEL SUR
MADAMBA,LANAO DEL SUR
MALABANG,LANAO DEL SUR
MARANTAO,LANAO DEL SUR
MARAWI CITY (Capital),LANAO DEL SUR
MASIU,LANAO DEL SUR
MULONDO,LANAO DEL SUR
PAGAYAWAN (TATARIKAN),LANAO DEL SUR
PIAGAPO,LANAO DEL SUR
POONA BAYABAO (GATA),LANAO DEL SUR
PUALAS,LANAO DEL SUR
DITSAAN-RAMAIN,LANAO DEL SUR
SAGUIARAN,LANAO DEL SUR
TAMPARAN,LANAO DEL SUR
TARAKA,LANAO DEL SUR
TUBARAN,LANAO DEL SUR
TUGAYA,LANAO DEL SUR
WAO,LANAO DEL SUR
MAROGONG,LANAO DEL SUR
CALANOGAS,LANAO DEL SUR
BUADIPOSO-BUNTONG,LANAO DEL SUR
MAGUING,LANAO DEL SUR
PICONG (SULTAN GUMANDER),LANAO DEL SUR
LUMBAYANAGUE,LANAO DEL SUR
BUMBARAN,LANAO DEL SUR
TAGOLOAN II,LANAO DEL SUR
SULTAN DUMALONDONG,LANAO DEL SUR
LUMBACA-UNAYAN,LANAO DEL SUR
BULDON,MAGUINDANAO
BULUAN,MAGUINDANAO
DATU PAGLAS,MAGUINDANAO
DATU PIANG,MAGUINDANAO
DATU ODIN SINSUAT (DINAIG),MAGUINDANAO
SHARIFF AGUAK (MAGANOY) (Capital),MAGUINDANAO
MATANOG,MAGUINDANAO
PAGALUNGAN,MAGUINDANAO
PARANG,MAGUINDANAO
SULTAN KUDARAT (NULING),MAGUINDANAO
SULTAN SA BARONGIS (LAMBAYONG),MAGUINDANAO
KABUNTALAN (TUMBAO),MAGUINDANAO
UPI,MAGUINDANAO
TALAYAN,MAGUINDANAO
SOUTH UPI,MAGUINDANAO
BARIRA,MAGUINDANAO
GEN. S. K. PENDATUN,MAGUINDANAO
MAMASAPANO,MAGUINDANAO
TALITAY,MAGUINDANAO
PAGAGAWAN,MAGUINDANAO
PAGLAT,MAGUINDANAO
SULTAN MASTURA,MAGUINDANAO
GUINDULUNGAN,MAGUINDANAO
DATU SAUDI-AMPATUAN,MAGUINDANAO
DATU UNSAY,MAGUINDANAO
DATU ABDULLAH SANGKI,MAGUINDANAO
RAJAH BUAYAN,MAGUINDANAO
DATU BLAH T. SINSUAT,MAGUINDANAO
DATU ANGGAL MIDTIMBANG,MAGUINDANAO
MANGUDADATU,MAGUINDANAO
PANDAG,MAGUINDANAO
NORTHERN KABUNTALAN,MAGUINDANAO
DATU HOFFER AMPATUAN,MAGUINDANAO
DATU SALIBO,MAGUINDANAO
SHARIFF SAYDONA MUSTAPHA,MAGUINDANAO
JOLO (Capital),SULU
KALINGALAN CALUANG,SULU
LUUK,SULU
MAIMBUNG,SULU
HADJI PANGLIMA TAHIL (MARUNGGAS),SULU
OLD PANAMAO,SULU
PANGUTARAN,SULU
PATA,SULU
PATIKUL,SULU
SIASI,SULU
TALIPAO,SULU
TAPUL,SULU
TONGKIL,SULU
PANGLIMA ESTINO (NEW PANAMAO),SULU
LUGUS,SULU
PANDAMI,SULU
OMAR,SULU
BONGAO (Capital),TAWI-TAWI
MAPUN (CAGAYAN DE TAWI-TAWI),TAWI-TAWI
SIMUNUL,TAWI-TAWI
SITANGKAI,TAWI-TAWI
SOUTH UBIAN,TAWI-TAWI
TANDUBAS,TAWI-TAWI
TURTLE ISLANDS,TAWI-TAWI
LANGUYAN,TAWI-TAWI
SAPA-SAPA,TAWI-TAWI
SIBUTU,TAWI-TAWI
CITY OF LAMITAN,BASILAN
BACOLOD-KALAWI (BACOLOD GRANDE),LANAO DEL SUR
AMPATUAN,MAGUINDANAO
INDANAN,SULU
PANGLIMA SUGALA (BALIMBING) (Capital),TAWI-TAWI
